employee_id,National_id,Fname,Lname,Email,Password,Phone_number,street,country,city,Address,username,verified,experience,rating
1,309161463986760,Ghufran,Zaki,ghufran_zaki@mail.com,66s_LX5G&S0l287,01279596234,Al Horreya Street,Egypt,Port Fuad,"20 Al Horreya Street, Port Fuad, Port Said",ghufran058,1,1-year/s,5
2,228671429562845,Faisal,Kamal,faisal_kamal@mail.com,43T_BF5w&V0a837,01613942201,El Galaa Street,Egypt,Tal El Kabir,"52 El Galaa Street, Tal El Kabir, Ismailia",faisal391,1,1-year/s,6
3,377511678006537,Mariam,Kareem,mariam_kareem@mail.com,78J_jm3x&u3X654,01623595659, El Obour Street,Egypt,Sers El-Lyan,"24  El Obour Street, Sers El-Lyan, Monufia",mariam435,1,1-year/s,5
4,293507636850262,Buthayna,Omar,buthayna_omar@mail.com,28g_Pq5E&p9Y192,01437197616,Al Horreya Street,Egypt,Ashmoun,"54 Al Horreya Street, Ashmoun, Monufia",buthayna814,1,1-year/s,8
5,258360091891886,Bassam,Fayez,bassam_fayez@mail.com,25G_Vp8x&t4W117,01121649915,Talaat Harb Street,Egypt,Shubra El-Kheima,"28 Talaat Harb Street, Shubra El-Kheima, Qalyubia",bassam492,1,3-year/s,8
6,247392047282725,Qasim,Jalal,qasim_jalal@mail.com,23h_Cg5X&M6C66,01841791637,El Nozha Street,Egypt,Talkha,"04 El Nozha Street, Talkha, Dakahlia",qasim412,1,4-year/s,2
7,297153820332648,Fouad,Zaki,fouad_zaki@mail.com,62X_zx6L&b1m641,01097633068,El Kornish Street,Egypt,El-Qoseir,"30 El Kornish Street, El-Qoseir, Red Sea",fouad560,1,3-year/s,9
8,361256008138521,Samir,Kadeer,samir_kadeer@mail.com,93t_rx0M&l8d70,01096315656,Al-Azhar Street,Egypt,Ataqah,"11 Al-Azhar Street, Ataqah, Suez",samir451,1,3-year/s,10
9,307203968505062,Bashar,Majid,bashar_majid@mail.com,64C_Yn8g&y0Z875,01483871822, El Obour Street,Egypt,Ibsheway,"94  El Obour Street, Ibsheway, Faiyum",bashar348,1,4-year/s,10
10,274892855571384,Dina,Eyad,dina_eyad@mail.com,16C_mS3S&V7G85,01265243906,Al Nile Street,Egypt,El Hamam,"11 Al Nile Street, El Hamam, Matrouh",dina611,1,4-year/s,2
11,201163703816515,Aisha,Zaidan,aisha_zaidan@mail.com,67R_Ek5Z&d8U10,01114930886,Salah Salem Street,Egypt,Abnub,"00 Salah Salem Street, Abnub, Asyut",aisha310,1,3-year/s,1
12,350504803464754,Zumurrud,salah,zumurrud_salah@mail.com,34u_mh1S&g9W83,01743732979,Al Nile Street,Egypt,Alexandria,"75 Al Nile Street, Alexandria, Alexandria",zumurrud003,1,4-year/s,3
13,366948895388623,Anisa,Usman,anisa_usman@mail.com,21v_xn2D&i3N35,01619065247,Al-Azhar Street,Egypt,Minya,"30 Al-Azhar Street, Minya, Minya",anisa467,1,1-year/s,3
14,293522632892657,Bushra,Osama,bushra_osama@mail.com,25s_ZU6s&W6w290,01278184222,El Gaish Street,Egypt,El Hamam,"80 El Gaish Street, El Hamam, Matrouh",bushra148,1,3-year/s,8
15,224271703578885,Duaa,Bassam,duaa_bassam@mail.com,93W_uA5E&J7h185,01749865526,El Haram Street,Egypt,Esna,"10 El Haram Street, Esna, Luxor",duaa911,1,4-year/s,10
16,346049437239972,Omran,Hussain,omran_hussain@mail.com,05B_Oj3Z&C9o97,01154665806,Gamal Abdel Nasser Street,Egypt,Borg El Arab,"98 Gamal Abdel Nasser Street, Borg El Arab, Alexandria",omran439,1,2-year/s,10
17,272568967136723,Esra,Zaki,esra_zaki@mail.com,04z_dx5j&S5q68,01567347850,El Galaa Street,Egypt,Sharm El Sheikh,"99 El Galaa Street, Sharm El Sheikh, South Sinai",esra888,1,4-year/s,5
18,390627575476055,Yusra,Khaled,yusra_khaled@mail.com,24D_mQ8X&I2x038,01352807731,El Gaish Street,Egypt,Sharm El Sheikh,"32 El Gaish Street, Sharm El Sheikh, South Sinai",yusra035,1,3-year/s,5
19,234507684254769,Dalia,Jihad,dalia_jihad@mail.com,67Q_YB9v&E2F73,01278570370,El Nozha Street,Egypt,Shubra El-Kheima,"50 El Nozha Street, Shubra El-Kheima, Cairo",dalia585,1,1-year/s,6
20,397546967684952,Tamara,Osman,tamara_osman@mail.com,99Q_xg9n&k2N829,01781285581,El Kornish Street,Egypt,Giza,"34 El Kornish Street, Giza, Giza",tamara510,1,4-year/s,3
21,232615631073538,Jamal,Farid,jamal_farid@mail.com,74F_xg8L&G1s929,01760728467,El Kornish Street,Egypt,Damietta,"84 El Kornish Street, Damietta, Damietta",jamal981,1,3-year/s,10
22,356957070760405,Rashid,Qaseem,rashid_qaseem@mail.com,94L_Ra6K&x1S083,01079847670,Al Ahram Street,Egypt,Giza,"26 Al Ahram Street, Giza, Cairo",rashid487,1,4-year/s,9
23,383426894816046,Mahmoud,Hassan,mahmoud_hassan@mail.com,79Y_de5T&x9B19,01754610267,July 26th Street,Egypt,Dakhla,"16 July 26th Street, Dakhla, New Valley",mahmoud920,1,1-year/s,8
24,384088331407086,Zaki,Hisham,zaki_hisham@mail.com,85y_QO8Q&W9t49,01667820956,Al Nile Street,Egypt,6th of October City,"22 Al Nile Street, 6th of October City, Giza",zaki822,1,4-year/s,2
25,263406126333619,Eyad,Faraj,eyad_faraj@mail.com,25N_NJ6p&O3z566,01488371273,El Galaa Street,Egypt,Farafra,"59 El Galaa Street, Farafra, New Valley",eyad657,1,2-year/s,5
26,296022464789470,Mays,Zakariya,mays_zakariya@mail.com,91F_zX5v&s5o099,01107425321,El Nasr Street,Egypt,Dahab,"16 El Nasr Street, Dahab, South Sinai",mays736,1,4-year/s,4
27,379491093405680,Mays,Bassam,mays_bassam@mail.com,59t_Ua1K&q1K86,01744969617,Ahmed Orabi Street,Egypt,Marsa Matruh,"36 Ahmed Orabi Street, Marsa Matruh, Matrouh",mays048,1,2-year/s,4
28,328616085520141,Asma,Nadeem,asma_nadeem@mail.com,21y_So1k&H6r73,01677434778,Talaat Harb Street,Egypt,Luxor,"35 Talaat Harb Street, Luxor, Luxor",asma879,1,4-year/s,2
29,202492888818663,Zaki,Shammas,zaki_shammas@mail.com,32q_Gl8b&o7n70,01050947360,Al Nahda Street,Egypt,Banha,"76 Al Nahda Street, Banha, Qalyubia",zaki796,1,1-year/s,7
30,383299847325281,Zaina,Hafez,zaina_hafez@mail.com,99L_vu7X&Q2j041,01130867864,Salah Salem Street,Egypt,Ras El Bar,"30 Salah Salem Street, Ras El Bar, Kafr El Sheikh",zaina130,1,2-year/s,1
31,307519606886810,Hamza,Ahmad,hamza_ahmad@mail.com,70h_Hm7Q&g0G022,01369127668,El Kornish Street,Egypt,Shibin El Kom,"28 El Kornish Street, Shibin El Kom, Monufia",hamza576,1,1-year/s,5
32,375675705389209,Hamza,Nasr,hamza_nasr@mail.com,87g_QA3C&X5C75,01333979491, El Obour Street,Egypt,Port Said,"23  El Obour Street, Port Said, Port Said",hamza585,1,2-year/s,4
33,326053594421000,Fadi,RaheemSaad,fadi_raheemsaad@mail.com,26L_VH1X&z5B56,01266028010,Al Horreya Street,Egypt,Shubra El-Kheima,"62 Al Horreya Street, Shubra El-Kheima, Qalyubia",fadi059,1,2-year/s,5
34,375872857959213,Huda,Gaber,huda_gaber@mail.com,59W_fC6C&b9X098,01803920890,El Thawra Street,Egypt,Esna,"92 El Thawra Street, Esna, Luxor",huda026,1,3-year/s,3
35,322069166405374,Zain,Younes,zain_younes@mail.com,08p_PZ3Y&I9b634,01526594741,Gamal Abdel Nasser Street,Egypt,Kafr El-Zayat,"51 Gamal Abdel Nasser Street, Kafr El-Zayat, Gharbia",zain676,1,3-year/s,5
36,364543324020527,Marwan,Salim,marwan_salim@mail.com,23G_ka2O&n2i64,01078339145,Ahmed Orabi Street,Egypt,El Hamam,"01 Ahmed Orabi Street, El Hamam, Matrouh",marwan760,1,2-year/s,8
37,213134786801323,Hazem,Hamza,hazem_hamza@mail.com,01Z_md1J&n0h87,01039275658,El Nasr Street,Egypt,Kom Ombo,"03 El Nasr Street, Kom Ombo, Aswan",hazem222,1,4-year/s,1
38,373387790682844,Walid,Ossama,walid_ossama@mail.com,62z_Ah9t&j8A75,01956149013,Ahmed Orabi Street,Egypt,Kafr El Sheikh,"40 Ahmed Orabi Street, Kafr El Sheikh, Kafr El Sheikh",walid724,1,2-year/s,4
39,300093798656752,Dana,Abdul,dana_abdul@mail.com,36D_yd5e&b5O437,01865486265,Salah Salem Street,Egypt,Abu Kebir,"79 Salah Salem Street, Abu Kebir, Sharqia",dana576,1,3-year/s,3
40,271525114814110,Farid,Mustafa,farid_mustafa@mail.com,70D_Zl4K&Y9z530,01386080647,Al Ahram Street,Egypt,Zefta,"03 Al Ahram Street, Zefta, Gharbia",farid320,1,1-year/s,10
41,302586938253672,Nadine,Fathi,nadine_fathi@mail.com,29t_tJ5M&N4Q27,01695196553,El Nasr Street,Egypt,El Hamam,"31 El Nasr Street, El Hamam, Matrouh",nadine796,1,4-year/s,5
42,280553544431219,Shams,Hassan,shams_hassan@mail.com,06X_FH8w&Y7F770,01730922093,Gezira Street,Egypt,Faraskur,"30 Gezira Street, Faraskur, Damietta",shams490,1,1-year/s,5
43,235111590386759,Suleiman,Kareem,suleiman_kareem@mail.com,01t_Wn7v&W9z567,01577161771,Al-Azhar Street,Egypt,Al-Wasta,"05 Al-Azhar Street, Al-Wasta, Beni Suef",suleiman930,1,4-year/s,9
44,298411065671392,Rashid,Mansour,rashid_mansour@mail.com,94r_vo2e&D2m660,01799466483,Lebanon Street,Egypt,Sohag,"67 Lebanon Street, Sohag, Asyut",rashid385,1,4-year/s,5
45,313215590716635,Hazem,Yahia,hazem_yahia@mail.com,88Z_jC4x&D1W33,01952804646,October Street,Egypt,Faiyum,"82 October Street, Faiyum, Faiyum",hazem510,1,4-year/s,5
46,295427823645054,Nabil,Anas,nabil_anas@mail.com,18d_vY8a&l9O31,01057792283,Gamal Abdel Nasser Street,Egypt,Abnub,"53 Gamal Abdel Nasser Street, Abnub, Asyut",nabil157,1,3-year/s,10
47,311936490005544,Aya,Taheer,aya_taheer@mail.com,98w_nD7Z&P9Y85,01764248241,Al Ahram Street,Egypt,Abnub,"04 Al Ahram Street, Abnub, Asyut",aya721,1,2-year/s,3
48,225862394020670,Jasmine,Majid,jasmine_majid@mail.com,98F_lh8O&J7e04,01026172293, El Obour Street,Egypt,Rafah,"05  El Obour Street, Rafah, North Sinai",jasmine205,1,2-year/s,1
49,330218222300972,Shorouq,Khalid,shorouq_khalid@mail.com,90H_dQ9H&q8a23,01266400329,Talaat Harb Street,Egypt,Ras El Bar,"33 Talaat Harb Street, Ras El Bar, Kafr El Sheikh",shorouq971,1,2-year/s,9
50,395786950801471,Usman,Amir,usman_amir@mail.com,19D_Rx3V&a7T945,01161257152,El Gaish Street,Egypt,Desouk,"63 El Gaish Street, Desouk, Kafr El Sheikh",usman805,1,4-year/s,7
51,380201547744116,Aya,Yusef,aya_yusef@mail.com,03z_Th5P&b1a94,01028050155,El Haram Street,Egypt,Marsa Alam,"66 El Haram Street, Marsa Alam, Red Sea",aya686,1,1-year/s,1
52,206707359467764,Faisal,Samar,faisal_samar@mail.com,90x_WU5b&Y6g56,01316379467,October Street,Egypt,Qalyub,"61 October Street, Qalyub, Qalyubia",faisal950,1,1-year/s,10
53,239340479439176,Usman,Junaid,usman_junaid@mail.com,09L_zZ8g&W7w462,01712418685,Gezira Street,Egypt,Bir al-Abed,"18 Gezira Street, Bir al-Abed, North Sinai",usman027,1,1-year/s,2
54,315242113737373,Zumurrud,Ahmad,zumurrud_ahmad@mail.com,62b_pN5x&n8A63,01253412551,El Nozha Street,Egypt,Marsa Matruh,"37 El Nozha Street, Marsa Matruh, Matrouh",zumurrud293,1,4-year/s,3
55,339023674441465,Lina,Othman,lina_othman@mail.com,01w_ku2L&x4B460,01693698400,Salah Salem Street,Egypt,El Hamam,"35 Salah Salem Street, El Hamam, Matrouh",lina529,1,1-year/s,1
56,252909413809974,Huda,Yassin,huda_yassin@mail.com,53O_Vw3D&c1M10,01971558745,El Nozha Street,Egypt,Shubra El-Kheima,"66 El Nozha Street, Shubra El-Kheima, Cairo",huda154,1,1-year/s,7
57,252353083216052,Inas,Hamza,inas_hamza@mail.com,61A_Ft6M&L8L68,01548941587,El Nasr Street,Egypt,Faraskur,"54 El Nasr Street, Faraskur, Damietta",inas945,1,4-year/s,8
58,202970877064730,Lina,Daoud,lina_daoud@mail.com,23y_WW2c&S8b58,01553614293,El Nasr Street,Egypt,Desouk,"98 El Nasr Street, Desouk, Kafr El Sheikh",lina917,1,2-year/s,6
59,323770053711769,Qasim,Kamal,qasim_kamal@mail.com,45J_sm8P&o3V45,01704270937,El Kornish Street,Egypt,Abnub,"13 El Kornish Street, Abnub, Asyut",qasim155,1,3-year/s,3
60,331614938872999,Zain,Habeeb,zain_habeeb@mail.com,23i_xo8t&M6B92,01668332730,Lebanon Street,Egypt,Nag Hammadi,"65 Lebanon Street, Nag Hammadi, Qena",zain051,1,3-year/s,4
61,247647694938273,Chakir,salah,chakir_salah@mail.com,26L_kP1U&P9t46,01010268040,Talaat Harb Street,Egypt,Qena,"95 Talaat Harb Street, Qena, Qena",chakir857,1,2-year/s,10
62,277965822289429,Ahmed,Raiyan,ahmed_raiyan@mail.com,97D_lH0d&B0w95,01181066352,Abu Bakr El Seddik Street,Egypt,Zefta,"24 Abu Bakr El Seddik Street, Zefta, Gharbia",ahmed194,1,3-year/s,4
63,382783326189155,Laith,Issam,laith_issam@mail.com,96j_Id3J&m1Q96,01555509151,Salah Salem Street,Egypt,Kom Ombo,"49 Salah Salem Street, Kom Ombo, Aswan",laith657,1,3-year/s,5
64,301089689939074,Chakir,Reda,chakir_reda@mail.com,69Z_yy1K&J4K06,01575557370,July 26th Street,Egypt,Cairo,"90 July 26th Street, Cairo, Cairo",chakir944,1,1-year/s,2
65,240431503275386,Saeed,Mazen,saeed_mazen@mail.com,04d_pI0e&d7o156,01667685149,Al Ahram Street,Egypt,Esna,"17 Al Ahram Street, Esna, Luxor",saeed551,1,3-year/s,5
66,297358632854592,Bassam,Jawad,bassam_jawad@mail.com,31C_VP7P&H7p018,01068021832,El Galaa Street,Egypt,Marsa Alam,"17 El Galaa Street, Marsa Alam, Red Sea",bassam246,1,1-year/s,10
67,241626399376745,Nader,Gamal,nader_gamal@mail.com,33P_iW1y&j0v97,01461337536,Al Ahram Street,Egypt,Ain Shams,"75 Al Ahram Street, Ain Shams, Sharqia",nader549,1,1-year/s,9
68,222553714707766,Kareem,Shadid,kareem_shadid@mail.com,65p_FE2o&z5i54,01392500908,Talaat Harb Street,Egypt,Giza,"33 Talaat Harb Street, Giza, Giza",kareem097,1,1-year/s,10
69,305163411867856,Tasneem,Daaim,tasneem_daaim@mail.com,29m_By6n&J9L71,01034454186,Lebanon Street,Egypt,Kafr El-Zayat,"07 Lebanon Street, Kafr El-Zayat, Gharbia",tasneem946,1,3-year/s,5
70,307301808610693,Zain,Imad,zain_imad@mail.com,05K_QJ3d&G5j129,01130339381,Lebanon Street,Egypt,Nuweiba,"34 Lebanon Street, Nuweiba, South Sinai",zain121,1,3-year/s,6
71,294305023184897,Elham,Amir,elham_amir@mail.com,47I_tW6Q&H4T453,01847808369,Al Nahda Street,Egypt,Qena,"41 Al Nahda Street, Qena, Qena",elham324,1,1-year/s,7
72,233764091610118,Hager,Tamer,hager_tamer@mail.com,77D_cU0J&u4P014,01397109087,El Kornish Street,Egypt,Mitt Ghamr,"85 El Kornish Street, Mitt Ghamr, Dakahlia",hager768,1,1-year/s,3
73,331236666986950,Khaled,Amir,khaled_amir@mail.com,46W_sP3o&G6v60,01114455385,July 26th Street,Egypt,Dar El Salam,"39 July 26th Street, Dar El Salam, Sohag",khaled627,1,3-year/s,3
74,308705830923608,Jamal,Farouk,jamal_farouk@mail.com,59f_Xq9A&e0t36,01044624508,July 26th Street,Egypt,6th of October City,"31 July 26th Street, 6th of October City, Giza",jamal231,1,3-year/s,7
75,385250804695191,Reda,Tariq,reda_tariq@mail.com,51t_qr8T&O3r47,01912196130,El Galaa Street,Egypt,Shubra El-Kheima,"76 El Galaa Street, Shubra El-Kheima, Qalyubia",reda076,1,3-year/s,5
76,301130999761904,Nour,Hamdan,nour_hamdan@mail.com,09g_oI4W&E4h487,01052571538,El Galaa Street,Egypt,Sohag,"23 El Galaa Street, Sohag, Sohag",nour848,1,3-year/s,2
77,383217974526809,Diya,Adel,diya_adel@mail.com,22p_pF0W&v6R347,01405034445,El Gaish Street,Egypt,Dahab,"61 El Gaish Street, Dahab, South Sinai",diya957,1,2-year/s,9
78,253076718078258,Lina,Bilal,lina_bilal@mail.com,33h_tb4c&w4J240,01146283260,Salah Salem Street,Egypt,Ismailia,"80 Salah Salem Street, Ismailia, Ismailia",lina114,1,2-year/s,8
79,220575548007299,Kamal,Bashar,kamal_bashar@mail.com,37z_gv6E&M3K85,01285306921,El Kornish Street,Egypt,Tal El Kabir,"39 El Kornish Street, Tal El Kabir, Ismailia",kamal116,1,3-year/s,5
80,276089343874451,Inas,Zaid,inas_zaid@mail.com,34Z_tK6c&l7b72,01471831521,Al-Azhar Street,Egypt,Suez,"10 Al-Azhar Street, Suez, Suez",inas805,1,3-year/s,8
81,350146772385627,Ola,Bashar,ola_bashar@mail.com,39K_Wc6g&k4C98,01155001682,Al Ahram Street,Egypt,Hurghada,"58 Al Ahram Street, Hurghada, Red Sea",ola555,1,4-year/s,3
82,392652978147268,Hager,Khaled,hager_khaled@mail.com,57g_BL9U&V6C29,01321875643,Abu Bakr El Seddik Street,Egypt,Hurghada,"89 Abu Bakr El Seddik Street, Hurghada, Red Sea",hager256,1,2-year/s,10
83,257087501061421,Zakariya,Taha,zakariya_taha@mail.com,34Q_VU1P&Q4i653,01849925411,Al Nahda Street,Egypt,Marsa Alam,"88 Al Nahda Street, Marsa Alam, Red Sea",zakariya768,1,2-year/s,10
84,349116866973477,Huda,Tayeb,huda_tayeb@mail.com,56o_WP3v&Q8R79,01571506308,July 26th Street,Egypt,Kharga,"22 July 26th Street, Kharga, New Valley",huda827,1,1-year/s,6
85,263617654302115,Omran,Ahmed,omran_ahmed@mail.com,75a_sH5Z&t8l30,01138155741,El Nasr Street,Egypt,Abu Kebir,"21 El Nasr Street, Abu Kebir, Sharqia",omran163,1,1-year/s,3
86,319591850060566,Hind,Reda,hind_reda@mail.com,03U_ur8e&V5J40,01987556467,Al Nahda Street,Egypt,Dar El Salam,"65 Al Nahda Street, Dar El Salam, Sohag",hind878,1,4-year/s,9
87,357539575819108,Hatem,Shammas,hatem_shammas@mail.com,08p_ao4r&s9W671,01863551653,El Thawra Street,Egypt,Al-Wasta,"04 El Thawra Street, Al-Wasta, Beni Suef",hatem735,1,4-year/s,6
88,217742579956576,Mazen,Hatem,mazen_hatem@mail.com,31Y_If2T&H5z822,01125203554,October Street,Egypt,Edfu,"37 October Street, Edfu, Aswan",mazen833,1,3-year/s,4
89,285402927399581,Wafa,Hafez,wafa_hafez@mail.com,71n_Fq1D&A6c791,01453942726,October Street,Egypt,El Hamam,"20 October Street, El Hamam, Matrouh",wafa812,1,4-year/s,10
90,280376721720710,Lina,Jaber,lina_jaber@mail.com,08y_sf0P&L0O583,01291026223,Al-Azhar Street,Egypt,Ras El Bar,"40 Al-Azhar Street, Ras El Bar, Kafr El Sheikh",lina215,1,3-year/s,1
91,204324349328303,Qasim,Samir,qasim_samir@mail.com,57L_uB7Z&Z7z77,01777382827,Al Nahda Street,Egypt,Farafra,"95 Al Nahda Street, Farafra, New Valley",qasim013,1,1-year/s,1
92,398689763176408,Bashar,Jawad,bashar_jawad@mail.com,65H_wh5i&G7O28,01111876837,El Haram Street,Egypt,Rafah,"13 El Haram Street, Rafah, North Sinai",bashar474,1,1-year/s,9
93,327319603149682,Wafa,Diya,wafa_diya@mail.com,86n_JI4h&t8k30,01166825026,Ahmed Orabi Street,Egypt,Edfu,"19 Ahmed Orabi Street, Edfu, Aswan",wafa751,1,1-year/s,2
94,295093283708109,Layla,Careem,layla_careem@mail.com,78z_WP2Q&Q0r28,01896993375,Abu Bakr El Seddik Street,Egypt,Maghagha,"62 Abu Bakr El Seddik Street, Maghagha, Minya",layla746,1,1-year/s,8
95,214559814650354,Zainab,Casim,zainab_casim@mail.com,46x_Fv3m&i8b413,01898437805,Al Nile Street,Egypt,Giza,"01 Al Nile Street, Giza, Giza",zainab783,1,2-year/s,2
96,294006450445554,Suleiman,Qaseem,suleiman_qaseem@mail.com,00O_uE6X&t4B057,01316180615,Abu Bakr El Seddik Street,Egypt,Kafr El Sheikh,"24 Abu Bakr El Seddik Street, Kafr El Sheikh, Kafr El Sheikh",suleiman005,1,4-year/s,3
97,394341858449207,Amal,Yazid,amal_yazid@mail.com,33D_fE1M&q1K98,01190990896,Abu Bakr El Seddik Street,Egypt,Luxor,"61 Abu Bakr El Seddik Street, Luxor, Qena",amal001,1,4-year/s,10
98,328707123927816,Saeed,Ehab,saeed_ehab@mail.com,94G_WW4C&Y5X179,01790266416,El Gaish Street,Egypt,Marsa Alam,"16 El Gaish Street, Marsa Alam, Red Sea",saeed203,1,1-year/s,8
99,202981224014070,Bashar,Faisal,bashar_faisal@mail.com,10T_YQ6t&C3M032,01331539264,Talaat Harb Street,Egypt,Esna,"82 Talaat Harb Street, Esna, Luxor",bashar265,1,3-year/s,5
100,332551116872104,Tasneem,Junaid,tasneem_junaid@mail.com,43H_ca2s&r7x77,01732701206,El Galaa Street,Egypt,Kafr El Sheikh,"31 El Galaa Street, Kafr El Sheikh, Kafr El Sheikh",tasneem692,1,2-year/s,2
