employer_id,Fname,Lname,Email,Password,Phone_number,country,city,Address,username,rating
1,Lina,Ahsan,lina_ahsan@mail.com,64I_Cl9k&Y0o883,01331192191,Egypt,Ismailia,"26 El Haram Street, Ismailia, Suez",lina111,1
2,Omran,Ammar,omran_ammar@mail.com,40M_fh9h&K6i939,01886886519,Egypt,Ain Shams,"43 El Haram Street, Ain Shams, Sharqia",omran459,4
3,Bilal,Nader,bilal_nader@mail.com,57G_bG9R&g2l43,01340290106,Egypt,Armant,"53 El Haram Street, Armant, Luxor",bilal460,3
4,Rania,Careem,rania_careem@mail.com,26h_wS7w&d8e19,01856354368,Egypt,Al-Wasta,"32 El Haram Street, Al-Wasta, Beni Suef",rania982,1
5,Farah,Sami,farah_sami@mail.com,22L_WM4d&Y4a074,01645427308,Egypt,Abnub,"47 El Haram Street, Abnub, Asyut",farah853,3
6,Saeed,Nasr,saeed_nasr@mail.com,08r_mo1C&T9y425,01860073550,Egypt,Ain Shams,"47 El Haram Street, Ain Shams, Sharqia",saeed221,2
7,Anisa,Younes,anisa_younes@mail.com,55p_Jh1L&Q1E46,01141699557,Egypt,Hurghada,"99 El Haram Street, Hurghada, Red Sea",anisa210,6
8,Mazen,Barakat,mazen_barakat@mail.com,68T_Vt6A&u4x119,01188148116,Egypt,Port Said,"52 El Haram Street, Port Said, Port Said",mazen815,4
9,Farah,Haj,farah_haj@mail.com,83K_tU3j&g1p456,01762973362,Egypt,Akhmim,"28 El Haram Street, Akhmim, Sohag",farah849,1
10,Dana,Hadi,dana_hadi@mail.com,99k_Zf3Y&E7v43,01012901177,Egypt,Suez,"90 El Haram Street, Suez, Suez",dana002,9
11,Obaidiyah,Hussein,obaidiyah_hussein@mail.com,47U_dL7P&K9u327,01009980791,Egypt,Marsa Matruh,"45 El Haram Street, Marsa Matruh, Matrouh",obaidiyah061,7
12,Yahia,Selim,yahia_selim@mail.com,24V_di9B&A3J63,01253227314,Egypt,Desouk,"31 El Haram Street, Desouk, Kafr El Sheikh",yahia574,2
13,Othman,Yassin,othman_yassin@mail.com,72R_Wy2s&k8S760,01151613299,Egypt,Damietta,"11 El Haram Street, Damietta, Damietta",othman177,2
14,Mohammad,Jamal,mohammad_jamal@mail.com,29n_Tu9W&C9M982,01051219969,Egypt,Asyut,"90 El Haram Street, Asyut, Asyut",mohammad782,6
15,Muhammad,Galal,muhammad_galal@mail.com,46M_ng6W&Y5B23,01534196041,Egypt,Damietta,"65 El Haram Street, Damietta, Damietta",muhammad846,4
16,Nabil,Anas,nabil_anas@mail.com,65i_xa0N&l6h477,01534903398,Egypt,Zefta,"99 El Haram Street, Zefta, Gharbia",nabil917,9
17,Othman,Ehab,othman_ehab@mail.com,23I_OG0t&z8R157,01565652018,Egypt,Tanta,"09 El Haram Street, Tanta, Gharbia",othman304,4
18,Jamal,Barakat,jamal_barakat@mail.com,27x_eW6F&D3M540,01086433141,Egypt,Faiyum,"26 El Haram Street, Faiyum, Faiyum",jamal176,3
19,Youmna,Casim,youmna_casim@mail.com,02W_yl4b&z6L95,01279841553,Egypt,Ismailia,"76 El Haram Street, Ismailia, Ismailia",youmna356,6
20,Riyad,Assad,riyad_assad@mail.com,20c_IX6h&S5O828,01579173013,Egypt,Faraskur,"94 El Haram Street, Faraskur, Damietta",riyad883,7
21,Lina,Diya,lina_diya@mail.com,24l_Tl3L&R8n01,01080835714,Egypt,Dakhla,"18 El Haram Street, Dakhla, New Valley",lina315,7
22,Hassan,Nadeem,hassan_nadeem@mail.com,90w_Jx6Z&A2i837,01208517598,Egypt,Nasser,"94 El Haram Street, Nasser, Beni Suef",hassan789,2
23,Zaid,Amir,zaid_amir@mail.com,64b_bX4R&y9M616,01428430107,Egypt,Ataqah,"41 El Haram Street, Ataqah, Suez",zaid894,4
24,Hala,Latif,hala_latif@mail.com,59J_jo6Y&E9a44,01343082749,Egypt,Ras El Bar,"73 El Haram Street, Ras El Bar, Kafr El Sheikh",hala908,2
25,Ehab,Yassin,ehab_yassin@mail.com,75C_dh0d&G8b575,01887616466,Egypt,El Hamam,"98 El Haram Street, El Hamam, Matrouh",ehab677,6
26,Rashid,Idris,rashid_idris@mail.com,89L_tq4M&y2y054,01279738065,Egypt,Giza,"90 El Haram Street, Giza, Giza",rashid709,6
27,Hala,Umar,hala_umar@mail.com,35d_od5p&e5x69,01833269369,Egypt,Edfu,"11 El Haram Street, Edfu, Aswan",hala576,1
28,Sami,Malik,sami_malik@mail.com,63T_tf2J&X3O694,01774406380,Egypt,Zagazig,"39 El Haram Street, Zagazig, Sharqia",sami116,7
29,Mohammad,Yusef,mohammad_yusef@mail.com,15s_wj4q&K4I850,01885618008,Egypt,Aswan,"40 El Haram Street, Aswan, Aswan",mohammad558,5
30,Obaidiyah,Hasan,obaidiyah_hasan@mail.com,67o_tT6P&J0v118,01956559081,Egypt,Nag Hammadi,"57 El Haram Street, Nag Hammadi, Qena",obaidiyah031,5
31,Eyad,Ebrahim,eyad_ebrahim@mail.com,43l_lL8o&Z1z16,01007854026,Egypt,Abu Kebir,"54 El Haram Street, Abu Kebir, Sharqia",eyad920,6
32,Fayza,Habeeb,fayza_habeeb@mail.com,40n_nM5H&S1d571,01070905515,Egypt,Al-Wasta,"54 El Haram Street, Al-Wasta, Beni Suef",fayza373,1
33,Zaki,Mohamed,zaki_mohamed@mail.com,66O_VT3M&o9M915,01609908617,Egypt,Dakhla,"90 El Haram Street, Dakhla, New Valley",zaki310,5
34,Chakir,Yassin,chakir_yassin@mail.com,98r_AJ2f&k3t74,01273200930,Egypt,El-Qoseir,"94 El Haram Street, El-Qoseir, Red Sea",chakir293,9
35,Umar,Shadid,umar_shadid@mail.com,75W_nA9y&d4w138,01138522809,Egypt,Esna,"64 El Haram Street, Esna, Luxor",umar700,4
36,	LamyaLaila,Saeed,	lamyalaila_saeed@mail.com,12S_Wi2S&u7y55,01742734153,Egypt,Siwa,"79 El Haram Street, Siwa, Matrouh",	lamyalaila364,2
37,Khaled,Amir,khaled_amir@mail.com,11s_gW5N&j9P181,01079789190,Egypt,Kom Ombo,"17 El Haram Street, Kom Ombo, Aswan",khaled460,6
38,Youmna,Ehab,youmna_ehab@mail.com,74S_BB8r&b5G024,01868856657,Egypt,Shubra El-Kheima,"13 El Haram Street, Shubra El-Kheima, Cairo",youmna177,8
39,Farha,Fayez,farha_fayez@mail.com,22h_Sa1t&p3r457,01655246785,Egypt,Damietta,"12 El Haram Street, Damietta, Damietta",farha617,10
40,Alia,Jamal,alia_jamal@mail.com,01M_Ap3x&e9k720,01033943696,Egypt,Minya,"27 El Haram Street, Minya, Minya",alia695,3
41,Waleed,Youssef,waleed_youssef@mail.com,83i_ec1Y&O1O04,01075836989,Egypt,Ain Shams,"59 El Haram Street, Ain Shams, Sharqia",waleed047,10
42,Essam,Wakil,essam_wakil@mail.com,83P_Qq0e&o5I99,01940043563,Egypt,Shubra El-Kheima,"14 El Haram Street, Shubra El-Kheima, Qalyubia",essam661,7
43,Jamal,Haj,jamal_haj@mail.com,70Q_Lz7V&n8h66,01948983650,Egypt,Sers El-Lyan,"35 El Haram Street, Sers El-Lyan, Monufia",jamal307,1
44,Riyad,Darwish,riyad_darwish@mail.com,68z_WZ1r&J0H06,01753604218,Egypt,Esna,"55 El Haram Street, Esna, Luxor",riyad089,4
45,Dana,Idris,dana_idris@mail.com,82P_og4R&t9I52,01213968113,Egypt,Marsa Matruh,"95 El Haram Street, Marsa Matruh, Matrouh",dana488,10
46,Laith,Abdul,laith_abdul@mail.com,63U_ST9A&A5T670,01731887162,Egypt,Port Said,"23 El Haram Street, Port Said, Port Said",laith561,6
47,Hisham,Fouad,hisham_fouad@mail.com,26G_PR2e&A6E790,01059059659,Egypt,Dar El Salam,"59 El Haram Street, Dar El Salam, Sohag",hisham028,8
48,Mona,Walid,mona_walid@mail.com,57P_tR9E&j0K84,01456150864,Egypt,Aswan,"23 El Haram Street, Aswan, Aswan",mona275,10
49,Nader,Ahsan,nader_ahsan@mail.com,35z_VW4v&q0J098,01788760647,Egypt,Shibin El Kom,"86 El Haram Street, Shibin El Kom, Monufia",nader778,8
50,Rula,Quraishi,rula_quraishi@mail.com,82a_Ym9m&Y3n446,01882175430,Egypt,Sohag,"54 El Haram Street, Sohag, Sohag",rula819,4
51,Omnia,Quraishi,omnia_quraishi@mail.com,17v_jJ1b&V9m937,01665159577,Egypt,Ismailia,"06 El Haram Street, Ismailia, Suez",omnia592,4
52,Jasmine,Jamal,jasmine_jamal@mail.com,70m_sm0H&u0X64,01982015629,Egypt,Sharm El Sheikh,"30 El Haram Street, Sharm El Sheikh, South Sinai",jasmine632,10
53,Hasan,Adel,hasan_adel@mail.com,96d_Ml7Z&y1h35,01340617628,Egypt,Qalyub,"13 El Haram Street, Qalyub, Qalyubia",hasan343,2
54,Hind,Wahab,hind_wahab@mail.com,01A_mT5U&z6a556,01984613497,Egypt,Asyut,"45 El Haram Street, Asyut, Asyut",hind336,3
55,Fayza,Diya,fayza_diya@mail.com,29d_Lu4O&m6H927,01957128456,Egypt,Kafr El Sheikh,"76 El Haram Street, Kafr El Sheikh, Kafr El Sheikh",fayza792,10
56,Ziyad,Zaki,ziyad_zaki@mail.com,98I_Ah7y&p5A15,01562684198,Egypt,El-Qoseir,"21 El Haram Street, El-Qoseir, Red Sea",ziyad438,6
57,Hamza,Tayeb,hamza_tayeb@mail.com,16G_Nk2Z&T7T665,01436564954,Egypt,Kom Ombo,"81 El Haram Street, Kom Ombo, Aswan",hamza244,5
58,Nadeem,Barakat,nadeem_barakat@mail.com,78Q_ng6s&Q4H14,01590913718,Egypt,El Hamam,"07 El Haram Street, El Hamam, Matrouh",nadeem637,6
59,Eman,Qasim,eman_qasim@mail.com,26S_Ji1W&Z9P118,01560090826,Egypt,Qena,"29 El Haram Street, Qena, Qena",eman473,6
60,Kholoud,Yassin,kholoud_yassin@mail.com,70H_Ma6m&v2W36,01196198105,Egypt,Giza,"54 El Haram Street, Giza, Giza",kholoud820,2
61,Muhammad,Ahmad,muhammad_ahmad@mail.com,59O_KM8z&f5R00,01973959796,Egypt,Mansoura,"66 El Haram Street, Mansoura, Dakahlia",muhammad425,2
62,Eman,Hussein,eman_hussein@mail.com,45h_HF9K&K1O032,01446983684,Egypt,Port Fuad,"45 El Haram Street, Port Fuad, Port Said",eman197,4
63,Hind,Wahab,hind_wahab@mail.com,83z_yB1d&i6z66,01691343429,Egypt,Aswan,"91 El Haram Street, Aswan, Aswan",hind701,4
64,Saeed,Rayan,saeed_rayan@mail.com,09j_jR3q&F1P82,01996463908,Egypt,Marsa Matruh,"94 El Haram Street, Marsa Matruh, Matrouh",saeed564,1
65,Reem,Fathi,reem_fathi@mail.com,33f_UZ8K&i1o368,01265723522,Egypt,Sers El-Lyan,"04 El Haram Street, Sers El-Lyan, Monufia",reem301,5
66,Reem,Yahia,reem_yahia@mail.com,76g_qO0R&r3K738,01009908731,Egypt,Ibsheway,"43 El Haram Street, Ibsheway, Faiyum",reem558,5
67,Jumana,Tamer,jumana_tamer@mail.com,64m_ra9b&X8s856,01111300494,Egypt,Abu Kebir,"96 El Haram Street, Abu Kebir, Sharqia",jumana712,4
68,Mona,Nabil,mona_nabil@mail.com,79Y_xH7Y&o5s39,01167417911,Egypt,Shubra El-Kheima,"36 El Haram Street, Shubra El-Kheima, Cairo",mona010,4
69,Mays,Idris,mays_idris@mail.com,61F_eL9k&U3D853,01918550229,Egypt,Kafr El-Battikh,"31 El Haram Street, Kafr El-Battikh, Damietta",mays394,1
70,Taha,Hassan,taha_hassan@mail.com,15k_LF2x&R2k67,01940275426,Egypt,Sharm El Sheikh,"17 El Haram Street, Sharm El Sheikh, South Sinai",taha155,10
71,Careem,Othman,careem_othman@mail.com,98j_mq9o&S5I738,01356648017,Egypt,6th of October City,"20 El Haram Street, 6th of October City, Giza",careem694,8
72,Samira,Zein,samira_zein@mail.com,40A_vI2n&I8o796,01455556579,Egypt,Tanta,"54 El Haram Street, Tanta, Gharbia",samira774,4
73,Bayan,Rizk,bayan_rizk@mail.com,88x_Fh9P&l0U97,01849287622,Egypt,Ras El Bar,"87 El Haram Street, Ras El Bar, Kafr El Sheikh",bayan450,1
74,Yazan,Ahmad,yazan_ahmad@mail.com,94E_Dv3p&R7K30,01086460895,Egypt,Akhmim,"53 El Haram Street, Akhmim, Sohag",yazan902,9
75,Galal,Nasr,galal_nasr@mail.com,40d_wo9Z&W3X71,01343911318,Egypt,Maghagha,"59 El Haram Street, Maghagha, Minya",galal357,5
76,Ruba,Ghanim,ruba_ghanim@mail.com,55S_vN9Q&y7h45,01833329917,Egypt,Nuweiba,"84 El Haram Street, Nuweiba, South Sinai",ruba573,5
77,Hassan,Fathi,hassan_fathi@mail.com,39n_cY5I&p7l194,01784124164,Egypt,Ismailia,"60 El Haram Street, Ismailia, Ismailia",hassan695,4
78,Jasmine,Eyad,jasmine_eyad@mail.com,19P_LP3s&u1c70,01551422670,Egypt,Ismailia,"88 El Haram Street, Ismailia, Ismailia",jasmine843,9
79,Ibtisam,Mohammad,ibtisam_mohammad@mail.com,39j_ge3q&l5U631,01851367560,Egypt,Shibin El Kom,"91 El Haram Street, Shibin El Kom, Monufia",ibtisam977,6
80,Zahra,Wahab,zahra_wahab@mail.com,63j_eO3C&P5b11,01979328818,Egypt,Marsa Matruh,"57 El Haram Street, Marsa Matruh, Matrouh",zahra395,7
81,Amir,Zain,amir_zain@mail.com,20q_IS5N&d4v72,01229651843,Egypt,Kafr El Sheikh,"69 El Haram Street, Kafr El Sheikh, Kafr El Sheikh",amir112,10
82,Tasneem,Amin,tasneem_amin@mail.com,26L_oH4M&F4w09,01342182439,Egypt,Nasser,"02 El Haram Street, Nasser, Beni Suef",tasneem045,4
83,Jasmine,Suleiman,jasmine_suleiman@mail.com,40c_Ps2x&F9s95,01366605917,Egypt,Mansoura,"63 El Haram Street, Mansoura, Dakahlia",jasmine837,6
84,Bassam,Aziz,bassam_aziz@mail.com,18T_mP9R&M5j534,01605416161,Egypt,Sohag,"13 El Haram Street, Sohag, Asyut",bassam757,3
85,Ismail,Zaki,ismail_zaki@mail.com,03M_IA1g&Y2y480,01342477072,Egypt,Dakhla,"64 El Haram Street, Dakhla, New Valley",ismail916,8
86,Ibtisam,Wakil,ibtisam_wakil@mail.com,47F_vj9h&N4t525,01075995605,Egypt,Port Said,"10 El Haram Street, Port Said, Port Said",ibtisam718,6
87,Ismail,El-Sayed,ismail_el-sayed@mail.com,03S_fF3D&o6c71,01149888957,Egypt,Tamiya,"74 El Haram Street, Tamiya, Faiyum",ismail363,1
88,Asma,Saeed,asma_saeed@mail.com,85O_SA9q&B0O10,01290245362,Egypt,Sharm El Sheikh,"82 El Haram Street, Sharm El Sheikh, South Sinai",asma672,8
89,Nasser,Al-Rashid,nasser_al-rashid@mail.com,67o_Xe2N&f0f045,01698749866,Egypt,Sohag,"69 El Haram Street, Sohag, Asyut",nasser666,2
90,Daaim,Ibrahim,daaim_ibrahim@mail.com,08k_iC3a&c0z45,01403815715,Egypt,Port Said,"13 El Haram Street, Port Said, Port Said",daaim521,9
91,Qaseem,Maleek,qaseem_maleek@mail.com,29e_tf5f&T0G340,01623748719,Egypt,Sers El-Lyan,"12 El Haram Street, Sers El-Lyan, Monufia",qaseem315,2
92,Zahra,mohamed,zahra_mohamed@mail.com,90O_tn6j&U5Z80,01079069289,Egypt,Sharm El Sheikh,"79 El Haram Street, Sharm El Sheikh, South Sinai",zahra021,2
93,Ola,Halabi,ola_halabi@mail.com,60G_iB5I&s0S899,01910975816,Egypt,Kharga,"25 El Haram Street, Kharga, New Valley",ola776,9
94,Tariq,Zaidan,tariq_zaidan@mail.com,20Z_hF9Z&L4l949,01027314385,Egypt,Ibsheway,"74 El Haram Street, Ibsheway, Faiyum",tariq267,5
95,Tariq,Omran,tariq_omran@mail.com,68w_HY3c&t8J60,01705534659,Egypt,El Hamam,"55 El Haram Street, El Hamam, Matrouh",tariq943,4
96,Ehab,Taha,ehab_taha@mail.com,21T_dD5M&H4z77,01144540522,Egypt,Rafah,"16 El Haram Street, Rafah, North Sinai",ehab876,6
97,Ahmed,Tamer,ahmed_tamer@mail.com,56r_pw9J&X4F89,01951968379,Egypt,Dahab,"68 El Haram Street, Dahab, South Sinai",ahmed467,8
98,Zain,Careem,zain_careem@mail.com,35s_an6p&b1q841,01364758168,Egypt,Qalyub,"74 El Haram Street, Qalyub, Qalyubia",zain609,3
99,Mohamed,Fadi,mohamed_fadi@mail.com,68u_nB9J&F7k17,01124455626,Egypt,Arish,"31 El Haram Street, Arish, North Sinai",mohamed237,8
100,Fouad,Nabil,fouad_nabil@mail.com,85i_vb5y&b5N346,01265244714,Egypt,El-Qoseir,"21 El Haram Street, El-Qoseir, Red Sea",fouad725,4
